,Polarity,Coverage,Overlaps,Conflicts,Correct,Incorrect,Emp. Acc.
0,[],0.0,0.0,0.0,0,0,0.0
1,[0],0.003,0.003,0.003,0,3,0.0
2,[0],0.013,0.013,0.013,2,11,0.15384615384615385
3,[0],0.021,0.021,0.021,6,15,0.2857142857142857
4,[0],0.032,0.032,0.032,13,19,0.40625
5,[0],0.046,0.046,0.046,21,25,0.4565217391304348
6,[0],0.058,0.058,0.058,24,34,0.41379310344827586
7,[0],0.075,0.075,0.075,33,42,0.44
8,[0],0.089,0.089,0.089,42,47,0.47191011235955055
9,[0],0.115,0.115,0.115,60,55,0.5217391304347826
10,[0],0.137,0.137,0.137,71,66,0.5182481751824818
11,[0],0.159,0.159,0.159,83,76,0.5220125786163522
12,[0],0.184,0.184,0.184,98,86,0.532608695652174
13,[0],0.208,0.208,0.208,115,93,0.5528846153846154
14,[0],0.242,0.242,0.242,136,106,0.5619834710743802
15,[0],0.276,0.276,0.276,155,121,0.5615942028985508
16,[0],0.318,0.318,0.318,174,144,0.5471698113207547
17,[0],0.378,0.378,0.378,206,172,0.544973544973545
18,[0],0.448,0.448,0.448,242,206,0.5401785714285714
19,[0],0.5,0.5,0.5,267,233,0.534
20,[0],0.557,0.557,0.557,300,257,0.5385996409335727
21,[0],0.615,0.615,0.615,327,288,0.5317073170731708
22,[1],0.987,0.987,0.987,489,498,0.49544072948328266
23,[1],0.979,0.979,0.979,485,494,0.49540347293156284
24,[1],0.968,0.968,0.968,481,487,0.496900826446281
25,[1],0.954,0.954,0.954,475,479,0.4979035639412998
26,[1],0.942,0.942,0.942,466,476,0.49469214437367304
27,[1],0.925,0.925,0.925,458,467,0.49513513513513513
28,[1],0.911,0.911,0.911,453,458,0.4972557628979144
29,[1],0.885,0.885,0.885,445,440,0.5028248587570622
30,[1],0.863,0.863,0.863,434,429,0.5028968713789108
31,[1],0.841,0.841,0.841,424,417,0.5041617122473246
32,[1],0.816,0.816,0.816,414,402,0.5073529411764706
33,[1],0.792,0.792,0.792,407,385,0.5138888888888888
34,[1],0.758,0.758,0.758,394,364,0.5197889182058048
35,[1],0.724,0.724,0.724,379,345,0.5234806629834254
36,[1],0.682,0.682,0.682,356,326,0.5219941348973607
37,[1],0.622,0.622,0.622,328,294,0.5273311897106109
38,[1],0.552,0.552,0.552,294,258,0.532608695652174
39,[1],0.5,0.5,0.5,267,233,0.534
40,[1],0.443,0.443,0.443,243,200,0.5485327313769752
41,[1],0.385,0.385,0.385,212,173,0.5506493506493506
42,[1],0.337,0.337,0.337,189,148,0.5608308605341247
43,[1],0.302,0.302,0.302,172,130,0.5695364238410596
44,[1],0.268,0.268,0.268,151,117,0.5634328358208955
45,[1],0.226,0.226,0.226,125,101,0.5530973451327433
46,[1],0.186,0.186,0.186,109,77,0.5860215053763441
47,[1],0.165,0.165,0.165,97,68,0.5878787878787879
48,[1],0.153,0.153,0.153,90,63,0.5882352941176471
49,[1],0.134,0.134,0.134,80,54,0.5970149253731343
50,[1],0.12,0.12,0.12,72,48,0.6
51,[1],0.102,0.102,0.102,64,38,0.6274509803921569
52,[1],0.091,0.091,0.091,57,34,0.6263736263736264
53,[1],0.082,0.082,0.082,51,31,0.6219512195121951
54,[1],0.076,0.076,0.076,47,29,0.618421052631579
55,[1],0.06,0.06,0.06,39,21,0.65
56,[1],0.054,0.054,0.054,35,19,0.6481481481481481
57,[],0.0,0.0,0.0,0,0,0.0
58,[0],0.001,0.001,0.001,1,0,1.0
59,[0],0.007,0.007,0.007,5,2,0.7142857142857143
60,[0],0.023,0.023,0.023,13,10,0.5652173913043478
61,[0],0.043,0.043,0.043,21,22,0.4883720930232558
62,[0],0.084,0.084,0.084,43,41,0.5119047619047619
63,[0],0.098,0.098,0.098,48,50,0.4897959183673469
64,[0],0.101,0.101,0.101,50,51,0.49504950495049505
65,[0],0.004,0.004,0.004,3,1,0.75
66,[0],0.038,0.038,0.038,19,19,0.5
67,[0],0.002,0.002,0.002,1,1,0.5
68,[0],0.011,0.011,0.011,6,5,0.5454545454545454
69,[0],0.058,0.058,0.058,32,26,0.5517241379310345
70,[0],0.103,0.103,0.103,52,51,0.5048543689320388
71,[0],0.159,0.159,0.159,77,82,0.48427672955974843
72,[0],0.218,0.218,0.218,103,115,0.4724770642201835
73,[0],0.249,0.249,0.249,115,134,0.4618473895582329
74,[0],0.259,0.259,0.259,119,140,0.45945945945945943
75,[0],0.043,0.043,0.043,24,19,0.5581395348837209
76,[0],0.141,0.141,0.141,69,72,0.48936170212765956
77,[1],0.998,0.998,0.998,499,499,0.5
78,[1],0.989,0.989,0.989,495,494,0.5005055611729019
79,[1],0.942,0.942,0.942,474,468,0.5031847133757962
80,[1],0.897,0.897,0.897,449,448,0.5005574136008919
81,[1],0.841,0.841,0.841,418,423,0.49702734839476814
82,[1],0.782,0.782,0.782,385,397,0.49232736572890023
83,[1],0.751,0.751,0.751,366,385,0.4873501997336884
84,[1],0.741,0.741,0.741,360,381,0.48582995951417
85,[1],0.957,0.957,0.957,481,476,0.5026123301985371
86,[1],0.859,0.859,0.859,428,431,0.49825378346915017
87,[1],0.99,0.99,0.99,494,496,0.498989898989899
88,[1],0.979,0.979,0.979,489,490,0.49948927477017363
89,[1],0.869,0.869,0.869,433,436,0.4982738780207135
90,[1],0.786,0.786,0.786,396,390,0.5038167938931297
91,[1],0.712,0.712,0.712,356,356,0.5
92,[1],0.63,0.63,0.63,311,319,0.4936507936507937
93,[1],0.608,0.608,0.608,302,306,0.4967105263157895
94,[1],0.603,0.603,0.603,298,305,0.494195688225539
95,[1],0.897,0.897,0.897,445,452,0.496098104793757
96,[1],0.729,0.729,0.729,366,363,0.5020576131687243
97,[1],0.971,0.971,0.971,484,487,0.4984552008238929
98,[1],0.943,0.943,0.943,469,474,0.4973488865323436
99,[1],0.772,0.772,0.772,388,384,0.5025906735751295
100,[1],0.686,0.686,0.686,338,348,0.49271137026239065
101,[1],0.607,0.607,0.607,295,312,0.48599670510708404
102,[1],0.534,0.534,0.534,255,279,0.47752808988764045
103,[1],0.52,0.52,0.52,249,271,0.47884615384615387
104,[1],0.508,0.508,0.508,244,264,0.48031496062992124
105,[1],0.804,0.804,0.804,405,399,0.503731343283582
106,[1],0.621,0.621,0.621,302,319,0.4863123993558776
107,[1],0.942,0.942,0.942,471,471,0.5
108,[1],0.887,0.887,0.887,444,443,0.5005636978579482
109,[1],0.681,0.681,0.681,338,343,0.49632892804698975
110,[1],0.586,0.586,0.586,286,300,0.4880546075085324
111,[1],0.539,0.539,0.539,258,281,0.47866419294990725
112,[1],0.471,0.471,0.471,221,250,0.4692144373673036
113,[1],0.458,0.458,0.458,214,244,0.4672489082969432
114,[1],0.443,0.443,0.443,209,234,0.4717832957110609
115,[1],0.709,0.709,0.709,352,357,0.49647390691114246
116,[1],0.546,0.546,0.546,261,285,0.47802197802197804
117,[0],0.169,0.169,0.169,85,84,0.5029585798816568
118,[0],0.212,0.212,0.212,103,109,0.4858490566037736
119,[0],0.403,0.403,0.403,211,192,0.5235732009925558
120,[0],1.0,1.0,1.0,500,500,0.5
121,[0],0.736,0.736,0.736,360,376,0.4891304347826087
122,[0],0.819,0.819,0.819,408,411,0.4981684981684982
123,[0],0.88,0.88,0.88,443,437,0.5034090909090909
124,[0],0.929,0.929,0.929,463,466,0.4983853606027987
125,[0],0.961,0.961,0.961,480,481,0.4994797086368366
126,[1],0.12,0.12,0.12,63,57,0.525
127,[1],0.071,0.071,0.071,34,37,0.47887323943661975
128,[1],0.039,0.039,0.039,19,20,0.48717948717948717
129,[1],0.002,0.002,0.002,1,1,0.5
130,[],0.0,0.0,0.0,0,0,0.0
131,[],0.0,0.0,0.0,0,0,0.0
132,[0],0.001,0.001,0.001,1,0,1.0
133,[0],0.001,0.001,0.001,1,0,1.0
134,[0],0.002,0.002,0.002,2,0,1.0
135,[0],0.004,0.004,0.004,3,1,0.75
136,[0],0.011,0.011,0.011,5,6,0.45454545454545453
137,[0],0.039,0.039,0.039,19,20,0.48717948717948717
138,[0],0.109,0.109,0.109,55,54,0.5045871559633027
139,[0],0.153,0.153,0.153,77,76,0.5032679738562091
140,[0],0.247,0.247,0.247,130,117,0.5263157894736842
141,[0],0.39,0.39,0.39,199,191,0.5102564102564102
142,[0],0.789,0.789,0.789,398,391,0.5044359949302915
143,[0],0.048,0.048,0.048,19,29,0.3958333333333333
144,[0],0.057,0.057,0.057,27,30,0.4736842105263158
145,[0],0.144,0.144,0.144,74,70,0.5138888888888888
146,[0],0.245,0.245,0.245,126,119,0.5142857142857142
147,[0],0.372,0.372,0.372,191,181,0.5134408602150538
148,[0],0.594,0.594,0.594,310,284,0.5218855218855218
149,[0],0.844,0.844,0.844,430,414,0.509478672985782
150,[0],0.907,0.907,0.907,455,452,0.5016538037486218
151,[0],0.956,0.956,0.956,478,478,0.5
152,[0],0.985,0.985,0.985,493,492,0.500507614213198
153,[0],0.999,0.999,0.999,500,499,0.5005005005005005
154,[0],0.376,0.376,0.376,192,184,0.5106382978723404
155,[0],0.449,0.449,0.449,229,220,0.5100222717149221
156,[0],0.662,0.662,0.662,338,324,0.5105740181268882
157,[0],0.848,0.848,0.848,427,421,0.5035377358490566
158,[0],0.945,0.945,0.945,474,471,0.5015873015873016
159,[0],0.983,0.983,0.983,492,491,0.5005086469989827
160,[0],0.993,0.993,0.993,497,496,0.500503524672709
161,[0],0.999,0.999,0.999,500,499,0.5005005005005005
162,[0],0.999,0.999,0.999,500,499,0.5005005005005005
163,[0],1.0,1.0,1.0,500,500,0.5
164,[0],1.0,1.0,1.0,500,500,0.5
165,[],0.0,0.0,0.0,0,0,0.0
166,[],0.0,0.0,0.0,0,0,0.0
167,[],0.0,0.0,0.0,0,0,0.0
168,[],0.0,0.0,0.0,0,0,0.0
169,[],0.0,0.0,0.0,0,0,0.0
170,[0],0.004,0.004,0.004,1,3,0.25
171,[0],0.007,0.007,0.007,3,4,0.4285714285714286
172,[0],0.009,0.009,0.009,4,5,0.4444444444444444
173,[0],0.02,0.02,0.02,10,10,0.5
174,[0],0.062,0.062,0.062,35,27,0.564516129032258
175,[0],0.313,0.313,0.313,162,151,0.5175718849840255
176,[],0.0,0.0,0.0,0,0,0.0
177,[],0.0,0.0,0.0,0,0,0.0
178,[],0.0,0.0,0.0,0,0,0.0
179,[0],0.001,0.001,0.001,1,0,1.0
180,[0],0.009,0.009,0.009,4,5,0.4444444444444444
181,[0],0.033,0.033,0.033,18,15,0.5454545454545454
182,[0],0.091,0.091,0.091,49,42,0.5384615384615384
183,[0],0.121,0.121,0.121,63,58,0.5206611570247934
184,[0],0.193,0.193,0.193,101,92,0.5233160621761658
185,[0],0.301,0.301,0.301,158,143,0.5249169435215947
186,[0],0.728,0.728,0.728,359,369,0.49313186813186816
187,[0],0.003,0.003,0.003,1,2,0.33333333333333337
188,[0],0.003,0.003,0.003,1,2,0.33333333333333337
189,[0],0.005,0.005,0.005,2,3,0.4
190,[0],0.018,0.018,0.018,10,8,0.5555555555555556
191,[0],0.059,0.059,0.059,33,26,0.559322033898305
192,[0],0.145,0.145,0.145,76,69,0.5241379310344828
193,[0],0.286,0.286,0.286,146,140,0.5104895104895105
194,[0],0.352,0.352,0.352,178,174,0.5056818181818182
195,[0],0.482,0.482,0.482,245,237,0.508298755186722
196,[0],0.668,0.668,0.668,346,322,0.5179640718562875
197,[0],0.958,0.958,0.958,481,477,0.5020876826722338
198,[0],0.028,0.028,0.028,13,15,0.4642857142857143
199,[0],0.029,0.029,0.029,14,15,0.4827586206896552
200,[0],0.068,0.068,0.068,37,31,0.5441176470588235
201,[0],0.131,0.131,0.131,72,59,0.549618320610687
202,[0],0.239,0.239,0.239,116,123,0.48535564853556484
203,[0],0.437,0.437,0.437,224,213,0.5125858123569794
204,[0],0.622,0.622,0.622,328,294,0.5273311897106109
205,[0],0.715,0.715,0.715,375,340,0.5244755244755245
206,[0],0.843,0.843,0.843,427,416,0.5065243179122183
207,[0],0.96,0.96,0.96,483,477,0.503125
208,[0],0.996,0.996,0.996,500,496,0.5020080321285141
209,[0],0.09,0.09,0.09,48,42,0.5333333333333333
210,[0],0.105,0.105,0.105,60,45,0.5714285714285714
211,[0],0.212,0.212,0.212,114,98,0.5377358490566038
212,[0],0.322,0.322,0.322,162,160,0.5031055900621118
213,[0],0.456,0.456,0.456,233,223,0.5109649122807017
214,[0],0.716,0.716,0.716,379,337,0.5293296089385475
215,[0],0.927,0.927,0.927,466,461,0.5026968716289104
216,[0],0.96,0.96,0.96,483,477,0.503125
217,[0],0.977,0.977,0.977,489,488,0.5005117707267144
218,[0],0.992,0.992,0.992,497,495,0.501008064516129
219,[0],0.999,0.999,0.999,500,499,0.5005005005005005
220,[0],0.062,0.062,0.062,30,32,0.4838709677419355
221,[0],0.105,0.105,0.105,57,48,0.5428571428571428
222,[0],0.151,0.151,0.151,77,74,0.5099337748344371
223,[0],0.223,0.223,0.223,122,101,0.547085201793722
224,[0],0.294,0.294,0.294,159,135,0.5408163265306123
225,[0],0.376,0.376,0.376,201,175,0.5345744680851063
226,[0],0.458,0.458,0.458,248,210,0.5414847161572053
227,[0],0.573,0.573,0.573,313,260,0.5462478184991274
228,[],0.0,0.0,0.0,0,0,0.0
229,[],0.0,0.0,0.0,0,0,0.0
230,[],0.0,0.0,0.0,0,0,0.0
231,[],0.0,0.0,0.0,0,0,0.0
232,[0],0.003,0.003,0.003,2,1,0.6666666666666666
233,[0],0.012,0.012,0.012,6,6,0.5
234,[0],0.025,0.025,0.025,13,12,0.52
235,[0],0.088,0.088,0.088,49,39,0.5568181818181818
236,[0],0.215,0.215,0.215,117,98,0.5441860465116279
237,[0],0.37,0.37,0.37,197,173,0.5324324324324324
238,[0],0.773,0.773,0.773,398,375,0.5148771021992238
239,[0],0.01,0.01,0.01,5,5,0.5
240,[0],0.031,0.031,0.031,16,15,0.5161290322580645
241,[0],0.091,0.091,0.091,51,40,0.5604395604395604
242,[0],0.246,0.246,0.246,133,113,0.540650406504065
243,[0],0.286,0.286,0.286,156,130,0.5454545454545454
244,[0],0.322,0.322,0.322,175,147,0.5434782608695652
245,[0],0.454,0.454,0.454,249,205,0.5484581497797357
246,[0],0.674,0.674,0.674,365,309,0.5415430267062314
247,[0],0.814,0.814,0.814,424,390,0.5208845208845209
248,[0],0.888,0.888,0.888,458,430,0.5157657657657657
249,[0],0.942,0.942,0.942,477,465,0.5063694267515924
250,[0],0.988,0.988,0.988,495,493,0.5010121457489879
251,[0],0.998,0.998,0.998,499,499,0.5
252,[0],0.999,0.999,0.999,500,499,0.5005005005005005
253,[1],0.99,0.99,0.99,495,495,0.5
254,[1],0.546,0.546,0.546,295,251,0.5402930402930403
255,[1],0.058,0.058,0.058,35,23,0.603448275862069
256,[1],0.012,0.012,0.012,7,5,0.5833333333333334
257,[1],0.002,0.002,0.002,1,1,0.5
258,[1],0.001,0.001,0.001,1,0,1.0
259,[],0.0,0.0,0.0,0,0,0.0
260,[],0.0,0.0,0.0,0,0,0.0
261,[0],0.002,0.002,0.002,1,1,0.5
262,[0],0.005,0.005,0.005,2,3,0.4
263,[0],0.031,0.031,0.031,14,17,0.45161290322580644
264,[0],0.06,0.06,0.06,27,33,0.45
265,[0],0.141,0.141,0.141,70,71,0.49645390070921985
266,[0],0.24,0.24,0.24,125,115,0.5208333333333334
267,[0],0.416,0.416,0.416,211,205,0.5072115384615384
268,[0],0.561,0.561,0.561,292,269,0.5204991087344029
269,[0],0.679,0.679,0.679,348,331,0.5125184094256259
270,[1],0.76,0.76,0.76,385,375,0.506578947368421
271,[1],0.584,0.584,0.584,295,289,0.5051369863013698
272,[1],0.439,0.439,0.439,231,208,0.5261958997722096
273,[1],0.321,0.321,0.321,169,152,0.5264797507788161
274,[1],0.25,0.25,0.25,128,122,0.512
275,[1],0.188,0.188,0.188,114,74,0.6063829787234043
276,[1],0.132,0.132,0.132,91,41,0.6893939393939394
277,[1],0.043,0.043,0.043,37,6,0.8604651162790697
278,[1],0.017,0.017,0.017,16,1,0.9411764705882353
279,[1],0.013,0.013,0.013,12,1,0.9230769230769231
280,[0],0.003,0.003,0.003,2,1,0.6666666666666666
281,[0],0.005,0.005,0.005,3,2,0.6
282,[0],0.014,0.014,0.014,8,6,0.5714285714285714
283,[0],0.034,0.034,0.034,21,13,0.6176470588235294
284,[0],0.094,0.094,0.094,52,42,0.5531914893617021
285,[0],0.206,0.206,0.206,114,92,0.5533980582524272
286,[0],0.333,0.333,0.333,179,154,0.5375375375375375
287,[0],0.48,0.48,0.48,260,220,0.5416666666666666
288,[0],0.614,0.614,0.614,324,290,0.5276872964169381
289,[0],0.974,0.974,0.974,491,483,0.5041067761806981
290,[0],1.0,1.0,1.0,500,500,0.5
291,[0],1.0,1.0,1.0,500,500,0.5
292,[0],1.0,1.0,1.0,500,500,0.5
293,[1],1.0,1.0,1.0,500,500,0.5
294,[1],1.0,1.0,1.0,500,500,0.5
295,[1],0.997,0.997,0.997,499,498,0.5005015045135406
296,[1],0.986,0.986,0.986,494,492,0.5010141987829615
297,[1],0.906,0.906,0.906,458,448,0.5055187637969095
298,[1],0.667,0.667,0.667,346,321,0.5187406296851574
299,[1],0.386,0.386,0.386,210,176,0.5440414507772021
300,[1],0.026,0.026,0.026,17,9,0.6538461538461539
301,[],0.0,0.0,0.0,0,0,0.0
302,[],0.0,0.0,0.0,0,0,0.0
303,[1],0.002,0.002,0.002,0,2,0.0
304,[1],0.018,0.018,0.018,9,9,0.5
305,[1],0.121,0.121,0.121,58,63,0.4793388429752066
306,[1],0.241,0.241,0.241,124,117,0.5145228215767634
307,[1],0.423,0.423,0.423,224,199,0.5295508274231678
308,[1],0.596,0.596,0.596,314,282,0.5268456375838926
309,[1],0.719,0.719,0.719,371,348,0.5159944367176634
310,[0],1.0,1.0,1.0,500,500,0.5
311,[0],0.999,0.999,0.999,499,500,0.4994994994994995
312,[0],0.997,0.997,0.997,498,499,0.49949849548645936
313,[0],0.978,0.978,0.978,486,492,0.49693251533742333
314,[0],0.927,0.927,0.927,461,466,0.49730312837108953
315,[0],0.81,0.81,0.81,407,403,0.5024691358024691
316,[],0.0,0.0,0.0,0,0,0.0
317,[],0.0,0.0,0.0,0,0,0.0
318,[],0.0,0.0,0.0,0,0,0.0
319,[],0.0,0.0,0.0,0,0,0.0
320,[],0.0,0.0,0.0,0,0,0.0
321,[],0.0,0.0,0.0,0,0,0.0
322,[],0.0,0.0,0.0,0,0,0.0
323,[0],1.0,1.0,1.0,500,500,0.5
324,[0],0.997,0.997,0.997,497,500,0.49849548645937813
325,[0],0.579,0.579,0.579,308,271,0.531951640759931
326,[0],0.185,0.185,0.185,99,86,0.5351351351351351
327,[0],0.054,0.054,0.054,24,30,0.4444444444444444
328,[0],0.006,0.006,0.006,1,5,0.16666666666666669
329,[0],0.001,0.001,0.001,0,1,0.0
330,[],0.0,0.0,0.0,0,0,0.0
331,[],0.0,0.0,0.0,0,0,0.0
332,[],0.0,0.0,0.0,0,0,0.0
333,[1],0.003,0.003,0.003,0,3,0.0
334,[1],0.009,0.009,0.009,2,7,0.2222222222222222
335,[1],0.057,0.057,0.057,23,34,0.4035087719298246
336,[1],0.17,0.17,0.17,79,91,0.4647058823529412
337,[1],0.421,0.421,0.421,229,192,0.5439429928741093
338,[1],0.815,0.815,0.815,414,401,0.5079754601226993
339,[1],0.946,0.946,0.946,470,476,0.49682875264270615
340,[1],0.994,0.994,0.994,495,499,0.49798792756539234
341,[1],0.999,0.999,0.999,499,500,0.4994994994994995
342,[1],1.0,1.0,1.0,500,500,0.5
343,[],0.0,0.0,0.0,0,0,0.0
344,[],0.0,0.0,0.0,0,0,0.0
345,[],0.0,0.0,0.0,0,0,0.0
346,[],0.0,0.0,0.0,0,0,0.0
347,[],0.0,0.0,0.0,0,0,0.0
348,[],0.0,0.0,0.0,0,0,0.0
349,[0],0.001,0.001,0.001,0,1,0.0
350,[0],0.015,0.015,0.015,2,13,0.13333333333333336
351,[0],0.029,0.029,0.029,2,27,0.06896551724137934
352,[0],0.041,0.041,0.041,4,37,0.09756097560975607
353,[0],0.071,0.071,0.071,15,56,0.2112676056338028
354,[0],0.13,0.13,0.13,46,84,0.3538461538461538
355,[0],1.0,1.0,1.0,500,500,0.5
356,[0],0.169,0.169,0.169,85,84,0.5029585798816568
357,[0],0.169,0.169,0.169,85,84,0.5029585798816568
358,[0],0.169,0.169,0.169,85,84,0.5029585798816568
359,[0],0.169,0.169,0.169,85,84,0.5029585798816568
360,[0],0.172,0.172,0.172,86,86,0.5
361,[0],0.177,0.177,0.177,90,87,0.5084745762711864
362,[0],0.195,0.195,0.195,101,94,0.517948717948718
363,[0],0.318,0.318,0.318,178,140,0.559748427672956
364,[0],0.375,0.375,0.375,210,165,0.56
365,[0],0.436,0.436,0.436,239,197,0.5481651376146789
366,[0],0.512,0.512,0.512,265,247,0.517578125
367,[0],0.169,0.169,0.169,85,84,0.5029585798816568
368,[0],0.169,0.169,0.169,85,84,0.5029585798816568
369,[0],0.169,0.169,0.169,85,84,0.5029585798816568
370,[0],0.169,0.169,0.169,85,84,0.5029585798816568
371,[0],0.169,0.169,0.169,85,84,0.5029585798816568
372,[0],0.169,0.169,0.169,85,84,0.5029585798816568
373,[0],0.169,0.169,0.169,85,84,0.5029585798816568
374,[0],0.176,0.176,0.176,85,91,0.48295454545454547
375,[0],0.218,0.218,0.218,88,130,0.4036697247706422
376,[0],0.264,0.264,0.264,94,170,0.3560606060606061
377,[0],0.295,0.295,0.295,110,185,0.3728813559322034
378,[0],0.336,0.336,0.336,137,199,0.40773809523809523
379,[0],0.383,0.383,0.383,178,205,0.46475195822454307
380,[0],1.0,1.0,1.0,500,500,0.5
381,[0],0.169,0.169,0.169,85,84,0.5029585798816568
382,[0],0.232,0.232,0.232,114,118,0.49137931034482757
383,[0],0.447,0.447,0.447,216,231,0.48322147651006714
384,[0],0.487,0.487,0.487,237,250,0.486652977412731
385,[0],0.583,0.583,0.583,285,298,0.48885077186963977
386,[0],0.595,0.595,0.595,297,298,0.4991596638655462
387,[0],0.671,0.671,0.671,337,334,0.5022354694485842
388,[0],0.686,0.686,0.686,349,337,0.5087463556851312
389,[0],0.75,0.75,0.75,380,370,0.5066666666666667
390,[0],0.17,0.17,0.17,85,85,0.5
391,[0],0.219,0.219,0.219,114,105,0.5205479452054794
392,[0],0.234,0.234,0.234,124,110,0.5299145299145299
393,[0],0.427,0.427,0.427,224,203,0.5245901639344263
394,[0],0.534,0.534,0.534,290,244,0.5430711610486891
395,[0],0.695,0.695,0.695,358,337,0.5151079136690647
396,[0],0.75,0.75,0.75,380,370,0.5066666666666667
397,[0],0.852,0.852,0.852,428,424,0.5023474178403756
398,[0],0.169,0.169,0.169,85,84,0.5029585798816568
399,[0],0.334,0.334,0.334,158,176,0.47305389221556887
400,[0],0.456,0.456,0.456,219,237,0.48026315789473684
401,[0],0.57,0.57,0.57,278,292,0.48771929824561405
402,[0],0.657,0.657,0.657,318,339,0.4840182648401826
403,[0],0.708,0.708,0.708,349,359,0.4929378531073446
404,[0],0.735,0.735,0.735,366,369,0.49795918367346936
405,[0],0.761,0.761,0.761,380,381,0.49934296977660975
406,[0],0.776,0.776,0.776,389,387,0.5012886597938144
407,[0],0.169,0.169,0.169,85,84,0.5029585798816568
408,[0],0.223,0.223,0.223,109,114,0.48878923766816146
409,[0],0.401,0.401,0.401,198,203,0.4937655860349127
410,[0],0.569,0.569,0.569,277,292,0.4868189806678383
411,[0],0.723,0.723,0.723,329,394,0.45504840940525587
412,[0],0.858,0.858,0.858,402,456,0.46853146853146854
413,[0],0.924,0.924,0.924,437,487,0.47294372294372294
414,[0],0.944,0.944,0.944,450,494,0.4766949152542373
415,[0],0.951,0.951,0.951,452,499,0.47528916929547843
416,[0],0.169,0.169,0.169,85,84,0.5029585798816568
417,[0],0.176,0.176,0.176,88,88,0.5
418,[0],0.222,0.222,0.222,112,110,0.5045045045045045
419,[0],0.302,0.302,0.302,157,145,0.5198675496688742
420,[0],0.325,0.325,0.325,166,159,0.5107692307692308
421,[0],0.362,0.362,0.362,191,171,0.5276243093922652
422,[0],0.418,0.418,0.418,221,197,0.5287081339712919
423,[0],0.455,0.455,0.455,241,214,0.5296703296703297
424,[0],0.501,0.501,0.501,264,237,0.5269461077844312
425,[0],0.542,0.542,0.542,284,258,0.5239852398523985
426,[0],0.58,0.58,0.58,300,280,0.5172413793103449
427,[0],0.612,0.612,0.612,315,297,0.5147058823529411
428,[0],0.751,0.751,0.751,367,384,0.48868175765645805
429,[0],0.889,0.889,0.889,444,445,0.49943757030371205
430,[0],0.96,0.96,0.96,478,482,0.4979166666666667
431,[0],0.987,0.987,0.987,496,491,0.502532928064843
432,[0],0.995,0.995,0.995,498,497,0.5005025125628141
433,[0],1.0,1.0,1.0,500,500,0.5
434,[0],1.0,1.0,1.0,500,500,0.5
435,[0],0.046,0.046,0.046,18,28,0.391304347826087
436,[0],0.076,0.076,0.076,34,42,0.4473684210526316
437,[0],0.135,0.135,0.135,65,70,0.4814814814814815
438,[0],0.178,0.178,0.178,87,91,0.4887640449438202
439,[0],0.277,0.277,0.277,140,137,0.5054151624548736
440,[0],0.35,0.35,0.35,177,173,0.5057142857142857
441,[0],0.413,0.413,0.413,213,200,0.5157384987893463
442,[0],0.466,0.466,0.466,248,218,0.5321888412017167
443,[0],0.536,0.536,0.536,284,252,0.5298507462686567
444,[0],0.075,0.075,0.075,33,42,0.44
445,[0],0.115,0.115,0.115,60,55,0.5217391304347826
446,[0],0.184,0.184,0.184,98,86,0.532608695652174
447,[0],0.242,0.242,0.242,136,106,0.5619834710743802
448,[0],0.378,0.378,0.378,206,172,0.544973544973545
449,[0],0.5,0.5,0.5,267,233,0.534
450,[0],0.663,0.663,0.663,352,311,0.530920060331825
451,[0],0.732,0.732,0.732,383,349,0.523224043715847
452,[0],0.835,0.835,0.835,432,403,0.5173652694610779
453,[0],0.535,0.535,0.535,241,294,0.4504672897196262
454,[0],0.704,0.704,0.704,344,360,0.48863636363636365
455,[0],0.75,0.75,0.75,372,378,0.496
456,[0],0.779,0.779,0.779,389,390,0.4993581514762516
457,[0],0.792,0.792,0.792,396,396,0.5
458,[0],0.793,0.793,0.793,397,396,0.5006305170239597
459,[0],0.797,0.797,0.797,399,398,0.5006273525721455
460,[0],0.797,0.797,0.797,399,398,0.5006273525721455
461,[0],0.797,0.797,0.797,399,398,0.5006273525721455
462,[0],0.8,0.8,0.8,402,398,0.5025
463,[0],0.801,0.801,0.801,403,398,0.5031210986267166
464,[0],0.745,0.745,0.745,382,363,0.512751677852349
465,[0],0.619,0.619,0.619,305,314,0.4927302100161551
466,[0],0.907,0.907,0.907,480,427,0.5292171995589857
467,[0],0.927,0.927,0.927,493,434,0.5318230852211435
468,[0],0.936,0.936,0.936,498,438,0.532051282051282
469,[0],0.937,0.937,0.937,498,439,0.5314834578441836
470,[0],0.923,0.923,0.923,493,430,0.534127843986999
471,[0],0.937,0.937,0.937,498,439,0.5314834578441836
472,[0],0.941,0.941,0.941,500,441,0.5313496280552603
473,[0],0.944,0.944,0.944,500,444,0.5296610169491526
474,[0],0.931,0.931,0.931,494,437,0.5306122448979592
475,[0],0.942,0.942,0.942,499,443,0.529723991507431
476,[0],0.944,0.944,0.944,500,444,0.5296610169491526
477,[0],0.946,0.946,0.946,500,446,0.5285412262156448
478,[0],0.06,0.06,0.06,21,39,0.35
479,[0],0.179,0.179,0.179,77,102,0.4301675977653631
480,[0],0.282,0.282,0.282,132,150,0.46808510638297873
481,[0],0.408,0.408,0.408,194,214,0.47549019607843135
482,[0],0.512,0.512,0.512,250,262,0.48828125
483,[0],0.577,0.577,0.577,284,293,0.49220103986135183
484,[0],0.641,0.641,0.641,318,323,0.4960998439937597
485,[0],0.678,0.678,0.678,340,338,0.5014749262536873
486,[0],0.7,0.7,0.7,352,348,0.5028571428571429
487,[0],0.727,0.727,0.727,365,362,0.5020632737276479
488,[0],0.742,0.742,0.742,374,368,0.5040431266846361
489,[0],0.76,0.76,0.76,384,376,0.5052631578947369
490,[0],0.765,0.765,0.765,386,379,0.5045751633986928
491,[0],0.771,0.771,0.771,390,381,0.5058365758754864
492,[0],0.812,0.812,0.812,418,394,0.5147783251231527
493,[0],0.845,0.845,0.845,445,400,0.5266272189349113
494,[0],0.86,0.86,0.86,459,401,0.5337209302325582
495,[0],0.877,0.877,0.877,475,402,0.5416191562143672
496,[0],0.891,0.891,0.891,489,402,0.5488215488215489
497,[0],0.824,0.824,0.824,424,400,0.5145631067961165
498,[0],0.849,0.849,0.849,449,400,0.5288574793875147
499,[0],0.864,0.864,0.864,463,401,0.5358796296296297
500,[0],0.883,0.883,0.883,481,402,0.5447338618346546
501,[0],0.891,0.891,0.891,489,402,0.5488215488215489
502,[0],0.826,0.826,0.826,426,400,0.5157384987893463
503,[0],0.855,0.855,0.855,454,401,0.5309941520467836
504,[0],0.871,0.871,0.871,470,401,0.539609644087256
505,[0],0.887,0.887,0.887,485,402,0.5467869222096956
506,[0],0.893,0.893,0.893,491,402,0.5498320268756999
507,[0],0.937,0.937,0.937,446,491,0.4759871931696905
508,[0],0.94,0.94,0.94,448,492,0.4765957446808511
509,[0],0.954,0.954,0.954,457,497,0.4790356394129979
510,[0],0.963,0.963,0.963,466,497,0.48390446521287644
511,[0],0.967,0.967,0.967,469,498,0.48500517063081694
512,[0],0.972,0.972,0.972,474,498,0.4876543209876543
513,[0],0.978,0.978,0.978,480,498,0.49079754601226994
514,[0],0.983,0.983,0.983,485,498,0.4933875890132248
515,[0],0.986,0.986,0.986,488,498,0.4949290060851927
516,[0],0.986,0.986,0.986,488,498,0.4949290060851927
517,[],0.0,0.0,0.0,0,0,0.0
518,[0],0.002,0.002,0.002,0,2,0.0
519,[0],0.027,0.027,0.027,10,17,0.37037037037037035
520,[0],0.061,0.061,0.061,24,37,0.39344262295081966
521,[0],0.148,0.148,0.148,62,86,0.4189189189189189
522,[0],0.23,0.23,0.23,107,123,0.4652173913043478
523,[0],0.32,0.32,0.32,157,163,0.490625
524,[0],0.404,0.404,0.404,198,206,0.4900990099009901
525,[0],0.476,0.476,0.476,235,241,0.49369747899159666
526,[0],0.529,0.529,0.529,262,267,0.4952741020793951
527,[0],0.566,0.566,0.566,280,286,0.49469964664310956
528,[0],0.605,0.605,0.605,300,305,0.49586776859504134
529,[0],0.628,0.628,0.628,313,315,0.4984076433121019
530,[0],0.66,0.66,0.66,327,333,0.4954545454545455
531,[0],0.665,0.665,0.665,336,329,0.5052631578947369
532,[0],0.466,0.466,0.466,238,228,0.5107296137339056
533,[0],0.343,0.343,0.343,174,169,0.5072886297376094
534,[0],0.226,0.226,0.226,119,107,0.5265486725663717
535,[0],0.17,0.17,0.17,87,83,0.5117647058823529
536,[0],0.1,0.1,0.1,50,50,0.5
537,[0],0.005,0.005,0.005,2,3,0.4
538,[],0.0,0.0,0.0,0,0,0.0
539,[],0.0,0.0,0.0,0,0,0.0
540,[],0.0,0.0,0.0,0,0,0.0
541,[],0.0,0.0,0.0,0,0,0.0
542,[1],0.995,0.995,0.995,497,498,0.4994974874371859
543,[0],0.744,0.744,0.744,378,366,0.5080645161290323
544,[0],0.364,0.364,0.364,188,176,0.5164835164835165
545,[0],0.244,0.244,0.244,125,119,0.5122950819672131
546,[0],0.127,0.127,0.127,60,67,0.47244094488188976
547,[0],0.097,0.097,0.097,46,51,0.4742268041237113
548,[0],0.054,0.054,0.054,24,30,0.4444444444444444
549,[0],0.008,0.008,0.008,4,4,0.5
550,[],0.0,0.0,0.0,0,0,0.0
551,[],0.0,0.0,0.0,0,0,0.0
552,[],0.0,0.0,0.0,0,0,0.0
553,[],0.0,0.0,0.0,0,0,0.0
554,[1],0.992,0.992,0.992,496,496,0.5
555,[0],0.005,0.005,0.005,4,1,0.8
556,[0],0.005,0.005,0.005,4,1,0.8
557,[0],0.005,0.005,0.005,4,1,0.8
558,[0],0.005,0.005,0.005,4,1,0.8
559,[0],0.005,0.005,0.005,4,1,0.8
560,[0],0.069,0.069,0.069,17,52,0.24637681159420288
561,[0],0.069,0.069,0.069,17,52,0.24637681159420288
562,[0],0.069,0.069,0.069,17,52,0.24637681159420288
563,[0],0.069,0.069,0.069,17,52,0.24637681159420288
564,[0],0.069,0.069,0.069,17,52,0.24637681159420288
565,[0],0.045,0.045,0.045,21,24,0.4666666666666667
566,[0],0.045,0.045,0.045,21,24,0.4666666666666667
567,[0],0.045,0.045,0.045,21,24,0.4666666666666667
568,[0],0.045,0.045,0.045,21,24,0.4666666666666667
569,[0],0.045,0.045,0.045,21,24,0.4666666666666667
570,[0],0.002,0.002,0.002,1,1,0.5
571,[0],0.002,0.002,0.002,1,1,0.5
572,[0],0.002,0.002,0.002,1,1,0.5
573,[0],0.002,0.002,0.002,1,1,0.5
574,[0],0.002,0.002,0.002,1,1,0.5
575,[0],0.001,0.001,0.001,0,1,0.0
576,[0],0.006,0.006,0.006,0,6,0.0
577,[0],0.04,0.04,0.04,16,24,0.4
578,[0],0.134,0.134,0.134,57,77,0.4253731343283582
579,[0],0.256,0.256,0.256,131,125,0.51171875
580,[0],0.418,0.418,0.418,213,205,0.5095693779904307
581,[0],0.558,0.558,0.558,293,265,0.525089605734767
582,[0],0.647,0.647,0.647,337,310,0.5208655332302936
583,[0],0.721,0.721,0.721,377,344,0.5228848821081831
584,[1],0.279,0.279,0.279,156,123,0.5591397849462365
585,[1],0.229,0.229,0.229,131,98,0.5720524017467249
586,[1],0.187,0.187,0.187,114,73,0.6096256684491979
587,[1],0.153,0.153,0.153,98,55,0.6405228758169934
588,[1],0.112,0.112,0.112,77,35,0.6875
589,[1],0.071,0.071,0.071,48,23,0.676056338028169
590,[1],0.043,0.043,0.043,32,11,0.7441860465116279
591,[1],0.027,0.027,0.027,20,7,0.7407407407407407
592,[1],0.016,0.016,0.016,12,4,0.75
593,[0],0.196,0.196,0.196,105,91,0.5357142857142857
594,[0],0.199,0.199,0.199,106,93,0.5326633165829145
595,[0],0.254,0.254,0.254,149,105,0.5866141732283464
596,[0],0.288,0.288,0.288,177,111,0.6145833333333334
597,[0],0.296,0.296,0.296,185,111,0.625
598,[0],0.304,0.304,0.304,193,111,0.6348684210526316
599,[0],0.495,0.495,0.495,284,211,0.5737373737373738
600,[0],0.576,0.576,0.576,343,233,0.5954861111111112
601,[1],0.424,0.424,0.424,267,157,0.6297169811320755
602,[1],0.42,0.42,0.42,267,153,0.6357142857142857
603,[1],0.414,0.414,0.414,264,150,0.6376811594202898
604,[1],0.411,0.411,0.411,261,150,0.635036496350365
605,[1],0.408,0.408,0.408,260,148,0.6372549019607843
606,[1],0.274,0.274,0.274,192,82,0.7007299270072993
607,[1],0.272,0.272,0.272,190,82,0.6985294117647058
608,[1],0.268,0.268,0.268,187,81,0.6977611940298507
609,[1],0.261,0.261,0.261,180,81,0.6896551724137931
610,[1],0.253,0.253,0.253,172,81,0.6798418972332015
611,[1],0.245,0.245,0.245,167,78,0.6816326530612244
612,[1],0.24,0.24,0.24,162,78,0.675
613,[1],0.229,0.229,0.229,153,76,0.6681222707423581
614,[1],0.221,0.221,0.221,145,76,0.6561085972850679
615,[1],0.215,0.215,0.215,139,76,0.6465116279069767
616,[1],0.132,0.132,0.132,84,48,0.6363636363636364
617,[0],0.007,0.007,0.007,1,6,0.14285714285714285
618,[0],0.058,0.058,0.058,23,35,0.39655172413793105
619,[0],0.174,0.174,0.174,96,78,0.5517241379310345
620,[0],0.406,0.406,0.406,228,178,0.5615763546798029
621,[0],0.721,0.721,0.721,385,336,0.5339805825242718
622,[1],0.826,0.826,0.826,422,404,0.5108958837772397
623,[1],0.594,0.594,0.594,322,272,0.5420875420875421
624,[1],0.279,0.279,0.279,164,115,0.5878136200716846
625,[1],0.12,0.12,0.12,75,45,0.625
626,[1],0.05,0.05,0.05,30,20,0.6
627,[1],0.015,0.015,0.015,10,5,0.6666666666666666
628,[1],0.009,0.009,0.009,7,2,0.7777777777777778
629,[1],0.006,0.006,0.006,5,1,0.8333333333333333
630,[],0.0,0.0,0.0,0,0,0.0
631,[],0.0,0.0,0.0,0,0,0.0
632,[0],1.0,1.0,1.0,500,500,0.5
633,[0],0.007,0.007,0.007,5,2,0.7142857142857143
634,[0],0.012,0.012,0.012,8,4,0.6666666666666666
635,[0],0.018,0.018,0.018,11,7,0.6111111111111112
636,[0],0.048,0.048,0.048,23,25,0.4791666666666667
637,[0],0.124,0.124,0.124,58,66,0.467741935483871
638,[0],0.256,0.256,0.256,121,135,0.47265625
639,[0],0.564,0.564,0.564,264,300,0.46808510638297873
640,[1],1.0,1.0,1.0,500,500,0.5
641,[1],1.0,1.0,1.0,500,500,0.5
642,[1],0.982,0.982,0.982,493,489,0.5020366598778004
643,[1],0.876,0.876,0.876,434,442,0.4954337899543379
644,[1],0.436,0.436,0.436,200,236,0.45871559633027525
645,[0],0.24,0.24,0.24,123,117,0.5125
646,[0],0.244,0.244,0.244,124,120,0.5081967213114754
647,[0],0.279,0.279,0.279,145,134,0.5197132616487455
648,[0],0.328,0.328,0.328,173,155,0.5274390243902439
649,[0],0.409,0.409,0.409,215,194,0.5256723716381418
650,[0],0.48,0.48,0.48,252,228,0.525
651,[0],0.545,0.545,0.545,278,267,0.5100917431192661
652,[0],0.616,0.616,0.616,318,298,0.5162337662337663
653,[0],0.703,0.703,0.703,364,339,0.5177809388335705
654,[0],0.842,0.842,0.842,423,419,0.502375296912114
655,[0],0.932,0.932,0.932,467,465,0.5010729613733905
656,[1],0.037,0.037,0.037,20,17,0.5405405405405406
657,[1],0.025,0.025,0.025,13,12,0.52
658,[1],0.016,0.016,0.016,9,7,0.5625
659,[1],0.008,0.008,0.008,6,2,0.75
660,[1],0.005,0.005,0.005,4,1,0.8
661,[1],0.003,0.003,0.003,2,1,0.6666666666666666
662,[1],0.002,0.002,0.002,2,0,1.0
663,[],0.0,0.0,0.0,0,0,0.0
664,[],0.0,0.0,0.0,0,0,0.0
665,[0],1.0,1.0,1.0,500,500,0.5
666,[0],0.998,0.998,0.998,498,500,0.49899799599198397
667,[0],0.879,0.879,0.879,437,442,0.49715585893060293
668,[0],0.281,0.281,0.281,152,129,0.5409252669039146
669,[0],0.152,0.152,0.152,77,75,0.506578947368421
670,[0],0.074,0.074,0.074,36,38,0.4864864864864865
671,[0],0.008,0.008,0.008,3,5,0.375
672,[0],0.004,0.004,0.004,1,3,0.25
673,[0],0.001,0.001,0.001,0,1,0.0
674,[],0.0,0.0,0.0,0,0,0.0
675,[0],0.002,0.002,0.002,0,2,0.0
676,[0],0.005,0.005,0.005,1,4,0.2
677,[0],0.033,0.033,0.033,14,19,0.42424242424242425
678,[0],0.074,0.074,0.074,37,37,0.5
679,[0],0.125,0.125,0.125,66,59,0.528
680,[0],1.0,1.0,1.0,500,500,0.5
681,[0],1.0,1.0,1.0,500,500,0.5
682,[1],0.967,0.967,0.967,481,486,0.49741468459152016
683,[1],0.875,0.875,0.875,441,434,0.504
684,[1],0.545,0.545,0.545,280,265,0.5137614678899083
685,[1],0.092,0.092,0.092,40,52,0.43478260869565216
686,[1],0.045,0.045,0.045,21,24,0.4666666666666667
687,[1],0.012,0.012,0.012,8,4,0.6666666666666666
688,[1],0.001,0.001,0.001,0,1,0.0
689,[],0.0,0.0,0.0,0,0,0.0
690,[],0.0,0.0,0.0,0,0,0.0
691,[],0.0,0.0,0.0,0,0,0.0
692,[],0.0,0.0,0.0,0,0,0.0
693,[],0.0,0.0,0.0,0,0,0.0
694,[],0.0,0.0,0.0,0,0,0.0
695,[],0.0,0.0,0.0,0,0,0.0
696,[1],0.784,0.784,0.784,416,368,0.5306122448979592
697,[1],0.73,0.73,0.73,386,344,0.5287671232876713
698,[1],0.552,0.552,0.552,297,255,0.5380434782608696
699,[1],0.384,0.384,0.384,208,176,0.5416666666666666
700,[1],0.23,0.23,0.23,106,124,0.4608695652173913
701,[1],0.095,0.095,0.095,44,51,0.4631578947368421
702,[1],0.029,0.029,0.029,13,16,0.4482758620689655
703,[1],0.009,0.009,0.009,6,3,0.6666666666666666
704,[1],0.002,0.002,0.002,1,1,0.5
705,[1],0.666,0.666,0.666,324,342,0.4864864864864865
706,[1],0.544,0.544,0.544,263,281,0.4834558823529412
707,[1],0.43,0.43,0.43,208,222,0.48372093023255813
708,[1],0.343,0.343,0.343,161,182,0.46938775510204084
709,[1],0.292,0.292,0.292,141,151,0.4828767123287671
710,[1],0.265,0.265,0.265,131,134,0.49433962264150944
711,[1],0.239,0.239,0.239,119,120,0.497907949790795
712,[1],0.224,0.224,0.224,113,111,0.5044642857142857
713,[1],0.212,0.212,0.212,107,105,0.5047169811320755
714,[1],0.07,0.07,0.07,30,40,0.4285714285714286
715,[1],0.035,0.035,0.035,16,19,0.45714285714285713
716,[1],0.023,0.023,0.023,10,13,0.43478260869565216
717,[1],0.014,0.014,0.014,8,6,0.5714285714285714
718,[1],0.013,0.013,0.013,7,6,0.5384615384615384
719,[1],0.005,0.005,0.005,4,1,0.8
720,[],0.0,0.0,0.0,0,0,0.0
721,[],0.0,0.0,0.0,0,0,0.0
722,[1],0.329,0.329,0.329,166,163,0.5045592705167173
723,[1],0.25,0.25,0.25,130,120,0.52
724,[1],0.214,0.214,0.214,116,98,0.5420560747663551
725,[1],0.184,0.184,0.184,109,75,0.592391304347826
726,[1],0.169,0.169,0.169,107,62,0.6331360946745562
727,[1],0.156,0.156,0.156,103,53,0.6602564102564102
728,[1],0.145,0.145,0.145,97,48,0.6689655172413793
729,[1],0.142,0.142,0.142,96,46,0.676056338028169
730,[1],0.135,0.135,0.135,94,41,0.6962962962962963
731,[1],0.131,0.131,0.131,91,40,0.6946564885496183
732,[1],0.125,0.125,0.125,88,37,0.704
733,[1],0.122,0.122,0.122,88,34,0.7213114754098361
734,[1],0.664,0.664,0.664,301,363,0.45331325301204817
735,[1],0.646,0.646,0.646,300,346,0.46439628482972134
736,[1],0.617,0.617,0.617,295,322,0.47811993517017826
737,[1],0.603,0.603,0.603,293,310,0.4859038142620232
738,[],0.0,0.0,0.0,0,0,0.0
739,[1],0.805,0.805,0.805,406,399,0.5043478260869565
740,[1],0.682,0.682,0.682,360,322,0.5278592375366569
741,[1],0.625,0.625,0.625,335,290,0.536
742,[1],0.564,0.564,0.564,303,261,0.5372340425531915
743,[1],0.488,0.488,0.488,253,235,0.5184426229508197
744,[1],0.477,0.477,0.477,248,229,0.519916142557652
745,[],0.0,0.0,0.0,0,0,0.0
746,[1],1.0,1.0,1.0,500,500,0.5
747,[1],1.0,1.0,1.0,500,500,0.5
748,[1],0.999,0.999,0.999,499,500,0.4994994994994995
749,[1],0.985,0.985,0.985,487,498,0.49441624365482234
750,[1],0.971,0.971,0.971,473,498,0.48712667353244077
751,[1],0.959,0.959,0.959,463,496,0.48279457768508866
752,[1],0.929,0.929,0.929,444,485,0.47793326157158234
753,[1],0.87,0.87,0.87,416,454,0.4781609195402299
754,[],0.0,0.0,0.0,0,0,0.0
755,[0],0.606,0.606,0.606,308,298,0.5082508250825083
756,[0],0.761,0.761,0.761,387,374,0.5085413929040736
757,[0],0.813,0.813,0.813,419,394,0.5153751537515375
758,[0],0.829,0.829,0.829,429,400,0.517490952955368
759,[0],0.608,0.608,0.608,309,299,0.5082236842105263
760,[0],0.766,0.766,0.766,390,376,0.5091383812010444
761,[0],0.814,0.814,0.814,420,394,0.515970515970516
762,[0],0.829,0.829,0.829,429,400,0.517490952955368
763,[0],0.949,0.949,0.949,489,460,0.5152792413066386
764,[0],0.949,0.949,0.949,489,460,0.5152792413066386
765,[0],0.95,0.95,0.95,489,461,0.5147368421052632
766,[0],0.95,0.95,0.95,489,461,0.5147368421052632
767,[0],0.955,0.955,0.955,492,463,0.5151832460732985
768,[0],0.962,0.962,0.962,496,466,0.5155925155925156
769,[0],0.97,0.97,0.97,496,474,0.511340206185567
770,[0],0.981,0.981,0.981,498,483,0.5076452599388379
771,[0],0.991,0.991,0.991,498,493,0.5025227043390514
772,[0],0.109,0.109,0.109,56,53,0.5137614678899083
773,[0],0.205,0.205,0.205,103,102,0.5024390243902439
774,[0],0.274,0.274,0.274,142,132,0.5182481751824818
775,[0],0.327,0.327,0.327,171,156,0.5229357798165137
776,[0],0.385,0.385,0.385,201,184,0.522077922077922
777,[0],0.449,0.449,0.449,236,213,0.5256124721603563
778,[0],0.516,0.516,0.516,270,246,0.5232558139534884
779,[0],0.592,0.592,0.592,306,286,0.5168918918918919
780,[0],0.654,0.654,0.654,341,313,0.5214067278287462
781,[0],0.696,0.696,0.696,363,333,0.521551724137931
782,[0],0.723,0.723,0.723,375,348,0.5186721991701245
783,[1],0.194,0.194,0.194,110,84,0.5670103092783505
784,[1],0.137,0.137,0.137,82,55,0.5985401459854015
785,[1],0.113,0.113,0.113,68,45,0.6017699115044248
786,[1],0.099,0.099,0.099,60,39,0.6060606060606061
787,[1],0.085,0.085,0.085,53,32,0.6235294117647059
788,[1],0.073,0.073,0.073,48,25,0.6575342465753424
789,[1],0.06,0.06,0.06,38,22,0.6333333333333333
790,[1],0.056,0.056,0.056,35,21,0.625
791,[0],0.383,0.383,0.383,191,192,0.49869451697127937
792,[0],0.395,0.395,0.395,198,197,0.5012658227848101
793,[0],0.427,0.427,0.427,215,212,0.5035128805620609
794,[0],0.487,0.487,0.487,252,235,0.5174537987679672
795,[0],0.586,0.586,0.586,317,269,0.5409556313993173
796,[0],0.722,0.722,0.722,381,341,0.5277008310249307
797,[0],0.87,0.87,0.87,431,439,0.49540229885057474
798,[0],0.886,0.886,0.886,438,448,0.49435665914221216
799,[0],0.913,0.913,0.913,452,461,0.4950711938663746
800,[0],0.93,0.93,0.93,462,468,0.4967741935483871
801,[1],0.114,0.114,0.114,52,62,0.45614035087719296
802,[1],0.07,0.07,0.07,32,38,0.45714285714285713
803,[1],0.003,0.003,0.003,1,2,0.33333333333333337
804,[0],0.383,0.383,0.383,191,192,0.49869451697127937
805,[0],0.606,0.606,0.606,303,303,0.5
806,[0],0.727,0.727,0.727,365,362,0.5020632737276479
807,[0],0.768,0.768,0.768,391,377,0.5091145833333334
808,[0],0.789,0.789,0.789,398,391,0.5044359949302915
809,[1],0.202,0.202,0.202,104,98,0.5148514851485149
810,[1],0.199,0.199,0.199,103,96,0.5175879396984925
811,[1],0.194,0.194,0.194,101,93,0.520618556701031
812,[1],0.194,0.194,0.194,101,93,0.520618556701031
813,[1],0.189,0.189,0.189,100,89,0.5291005291005291
814,[1],0.18,0.18,0.18,100,80,0.5555555555555556
815,[1],0.174,0.174,0.174,100,74,0.5747126436781609
816,[1],0.171,0.171,0.171,100,71,0.5847953216374269
817,[1],0.163,0.163,0.163,100,63,0.6134969325153374
818,[1],0.158,0.158,0.158,100,58,0.6329113924050633
819,[1],0.152,0.152,0.152,100,52,0.6578947368421053
820,[1],0.146,0.146,0.146,100,46,0.684931506849315
821,[1],0.143,0.143,0.143,100,43,0.6993006993006993
822,[1],0.139,0.139,0.139,100,39,0.7194244604316546
823,[0],0.422,0.422,0.422,208,214,0.4928909952606635
824,[0],0.452,0.452,0.452,224,228,0.49557522123893805
825,[0],0.503,0.503,0.503,257,246,0.510934393638171
826,[0],0.568,0.568,0.568,295,273,0.5193661971830986
827,[0],0.672,0.672,0.672,341,331,0.5074404761904762
828,[0],0.753,0.753,0.753,373,380,0.4953519256308101
829,[0],0.832,0.832,0.832,409,423,0.49158653846153844
830,[0],0.848,0.848,0.848,417,431,0.49174528301886794
831,[0],0.875,0.875,0.875,431,444,0.49257142857142855
832,[0],0.888,0.888,0.888,440,448,0.4954954954954955
833,[1],0.152,0.152,0.152,69,83,0.45394736842105265
834,[1],0.112,0.112,0.112,52,60,0.4642857142857143
835,[1],0.01,0.01,0.01,3,7,0.3
836,[0],0.422,0.422,0.422,208,214,0.4928909952606635
837,[0],0.608,0.608,0.608,299,309,0.4917763157894737
838,[0],0.72,0.72,0.72,359,361,0.4986111111111111
839,[0],0.761,0.761,0.761,384,377,0.5045992115637319
840,[0],0.782,0.782,0.782,393,389,0.5025575447570333
841,[1],0.203,0.203,0.203,106,97,0.5221674876847291
842,[1],0.191,0.191,0.191,104,87,0.5445026178010471
843,[1],0.18,0.18,0.18,102,78,0.5666666666666667
844,[1],0.175,0.175,0.175,101,74,0.5771428571428572
845,[1],0.144,0.144,0.144,98,46,0.6805555555555556
846,[1],0.131,0.131,0.131,98,33,0.7480916030534351
847,[0],0.53,0.53,0.53,270,260,0.5094339622641509
848,[0],0.722,0.722,0.722,369,353,0.5110803324099723
849,[0],0.793,0.793,0.793,405,388,0.510718789407314
850,[1],0.278,0.278,0.278,147,131,0.5287769784172662
851,[1],0.207,0.207,0.207,112,95,0.5410628019323671
852,[1],0.168,0.168,0.168,100,68,0.5952380952380952
853,[1],0.146,0.146,0.146,95,51,0.6506849315068493
854,[1],0.12,0.12,0.12,85,35,0.7083333333333334
855,[1],0.1,0.1,0.1,77,23,0.77
856,[1],0.087,0.087,0.087,70,17,0.8045977011494253
857,[1],0.073,0.073,0.073,60,13,0.821917808219178
858,[1],0.064,0.064,0.064,57,7,0.890625
859,[0],0.738,0.738,0.738,383,355,0.518970189701897
860,[0],0.836,0.836,0.836,442,394,0.5287081339712919
861,[0],0.873,0.873,0.873,471,402,0.5395189003436426
862,[1],0.164,0.164,0.164,106,58,0.6463414634146342
863,[1],0.127,0.127,0.127,98,29,0.7716535433070866
864,[1],0.116,0.116,0.116,97,19,0.8362068965517242
865,[1],0.104,0.104,0.104,92,12,0.8846153846153846
866,[1],0.094,0.094,0.094,85,9,0.9042553191489362
867,[1],0.088,0.088,0.088,83,5,0.9431818181818181
868,[1],0.08,0.08,0.08,78,2,0.975
869,[1],0.074,0.074,0.074,73,1,0.9864864864864865
870,[0],0.09,0.09,0.09,48,42,0.5333333333333333
871,[0],0.09,0.09,0.09,48,42,0.5333333333333333
872,[0],0.099,0.099,0.099,55,44,0.5555555555555556
873,[0],0.153,0.153,0.153,87,66,0.5686274509803921
874,[0],0.23,0.23,0.23,121,109,0.5260869565217391
875,[0],0.36,0.36,0.36,183,177,0.5083333333333333
876,[0],0.522,0.522,0.522,266,256,0.5095785440613027
877,[0],0.67,0.67,0.67,348,322,0.5194029850746269
878,[0],0.817,0.817,0.817,416,401,0.5091799265605875
879,[0],0.921,0.921,0.921,462,459,0.501628664495114
880,[0],0.96,0.96,0.96,483,477,0.503125
881,[0],0.995,0.995,0.995,498,497,0.5005025125628141
882,[1],0.011,0.011,0.011,6,5,0.5454545454545454
883,[1],0.008,0.008,0.008,5,3,0.625
884,[1],0.005,0.005,0.005,3,2,0.6
885,[],0.0,0.0,0.0,0,0,0.0
886,[],0.0,0.0,0.0,0,0,0.0
887,[],0.0,0.0,0.0,0,0,0.0
888,[0],0.005,0.005,0.005,1,4,0.2
889,[0],0.046,0.046,0.046,16,30,0.34782608695652173
890,[0],0.072,0.072,0.072,20,52,0.2777777777777778
891,[0],0.112,0.112,0.112,36,76,0.3214285714285714
892,[0],0.149,0.149,0.149,48,101,0.3221476510067114
893,[0],0.2,0.2,0.2,70,130,0.35
894,[0],0.45,0.45,0.45,196,254,0.4355555555555556
895,[0],0.777,0.777,0.777,372,405,0.47876447876447875
896,[0],0.956,0.956,0.956,477,479,0.4989539748953975
897,[0],0.996,0.996,0.996,497,499,0.49899598393574296
898,[0],1.0,1.0,1.0,500,500,0.5
899,[1],0.55,0.55,0.55,246,304,0.44727272727272727
900,[1],0.223,0.223,0.223,95,128,0.4260089686098655
901,[1],0.044,0.044,0.044,21,23,0.4772727272727273
902,[1],0.004,0.004,0.004,1,3,0.25
903,[],0.0,0.0,0.0,0,0,0.0
904,[],0.0,0.0,0.0,0,0,0.0
905,[0],0.004,0.004,0.004,3,1,0.75
906,[0],0.014,0.014,0.014,8,6,0.5714285714285714
907,[0],0.032,0.032,0.032,18,14,0.5625
908,[0],0.062,0.062,0.062,31,31,0.5
909,[0],0.109,0.109,0.109,58,51,0.5321100917431193
910,[0],0.133,0.133,0.133,69,64,0.518796992481203
911,[0],0.137,0.137,0.137,72,65,0.5255474452554745
912,[0],0.01,0.01,0.01,6,4,0.6
913,[0],0.053,0.053,0.053,28,25,0.5283018867924528
914,[0],0.009,0.009,0.009,3,6,0.33333333333333337
915,[0],0.02,0.02,0.02,9,11,0.45
916,[0],0.086,0.086,0.086,49,37,0.5697674418604651
917,[0],0.139,0.139,0.139,76,63,0.5467625899280576
918,[0],0.208,0.208,0.208,110,98,0.5288461538461539
919,[0],0.286,0.286,0.286,150,136,0.5244755244755245
920,[0],0.318,0.318,0.318,167,151,0.5251572327044025
921,[0],0.338,0.338,0.338,177,161,0.5236686390532544
922,[0],0.066,0.066,0.066,37,29,0.5606060606060606
923,[0],0.187,0.187,0.187,99,88,0.5294117647058824
924,[1],0.991,0.991,0.991,494,497,0.49848637739656915
925,[1],0.98,0.98,0.98,489,491,0.4989795918367347
926,[1],0.914,0.914,0.914,463,451,0.5065645514223195
927,[1],0.861,0.861,0.861,437,424,0.5075493612078978
928,[1],0.792,0.792,0.792,402,390,0.5075757575757576
929,[1],0.714,0.714,0.714,364,350,0.5098039215686274
930,[1],0.682,0.682,0.682,349,333,0.5117302052785924
931,[1],0.662,0.662,0.662,339,323,0.5120845921450151
932,[1],0.934,0.934,0.934,471,463,0.5042826552462527
933,[1],0.813,0.813,0.813,412,401,0.5067650676506765
934,[1],0.969,0.969,0.969,483,486,0.4984520123839009
935,[1],0.953,0.953,0.953,475,478,0.49842602308499473
936,[1],0.814,0.814,0.814,418,396,0.5135135135135135
937,[1],0.719,0.719,0.719,374,345,0.5201668984700973
938,[1],0.635,0.635,0.635,332,303,0.5228346456692914
939,[1],0.507,0.507,0.507,281,226,0.554240631163708
940,[1],0.466,0.466,0.466,271,195,0.5815450643776824
941,[1],0.45,0.45,0.45,266,184,0.5911111111111111
942,[1],0.847,0.847,0.847,432,415,0.5100354191263282
943,[1],0.659,0.659,0.659,343,316,0.5204855842185129
944,[1],0.943,0.943,0.943,472,471,0.5005302226935313
945,[1],0.902,0.902,0.902,458,444,0.5077605321507761
946,[1],0.69,0.69,0.69,365,325,0.5289855072463768
947,[1],0.581,0.581,0.581,307,274,0.5283993115318416
948,[1],0.474,0.474,0.474,263,211,0.5548523206751055
949,[1],0.339,0.339,0.339,209,130,0.616519174041298
950,[1],0.307,0.307,0.307,198,109,0.6449511400651466
951,[1],0.287,0.287,0.287,188,99,0.6550522648083623
952,[1],0.725,0.725,0.725,382,343,0.526896551724138
953,[1],0.497,0.497,0.497,269,228,0.5412474849094567
954,[1],0.894,0.894,0.894,455,439,0.5089485458612976
955,[1],0.833,0.833,0.833,428,405,0.5138055222088835
956,[1],0.563,0.563,0.563,306,257,0.5435168738898757
957,[1],0.448,0.448,0.448,251,197,0.5602678571428571
958,[1],0.342,0.342,0.342,212,130,0.6198830409356725
959,[1],0.217,0.217,0.217,145,72,0.6682027649769585
960,[1],0.191,0.191,0.191,128,63,0.6701570680628273
961,[1],0.164,0.164,0.164,113,51,0.6890243902439024
962,[1],0.603,0.603,0.603,321,282,0.5323383084577115
963,[1],0.364,0.364,0.364,219,145,0.6016483516483516
964,[1],0.624,0.624,0.624,325,299,0.5208333333333334
965,[1],0.542,0.542,0.542,290,252,0.5350553505535055
966,[1],0.427,0.427,0.427,240,187,0.5620608899297423
967,[1],0.314,0.314,0.314,174,140,0.554140127388535
968,[1],0.228,0.228,0.228,124,104,0.543859649122807
969,[1],0.151,0.151,0.151,85,66,0.5629139072847682
970,[1],0.111,0.111,0.111,64,47,0.5765765765765766
971,[1],0.066,0.066,0.066,34,32,0.5151515151515151
972,[1],0.054,0.054,0.054,30,24,0.5555555555555556
973,[1],0.439,0.439,0.439,238,201,0.5421412300683371
974,[1],0.243,0.243,0.243,138,105,0.5679012345679012
975,[1],0.091,0.091,0.091,54,37,0.5934065934065934
976,[1],0.034,0.034,0.034,17,17,0.5
977,[0],0.773,0.773,0.773,398,375,0.5148771021992238
978,[0],0.773,0.773,0.773,398,375,0.5148771021992238
979,[0],0.773,0.773,0.773,398,375,0.5148771021992238
980,[1],0.226,0.226,0.226,124,102,0.5486725663716814
981,[1],0.226,0.226,0.226,124,102,0.5486725663716814
982,[1],0.226,0.226,0.226,124,102,0.5486725663716814
983,[1],0.226,0.226,0.226,124,102,0.5486725663716814
984,[1],0.226,0.226,0.226,124,102,0.5486725663716814
985,[],0.0,0.0,0.0,0,0,0.0
986,[0],0.926,0.926,0.926,460,466,0.49676025917926564
987,[0],0.956,0.956,0.956,476,480,0.497907949790795
988,[0],0.995,0.995,0.995,498,497,0.5005025125628141
989,[0],1.0,1.0,1.0,500,500,0.5
990,[0],1.0,1.0,1.0,500,500,0.5
991,[],0.0,0.0,0.0,0,0,0.0
992,[],0.0,0.0,0.0,0,0,0.0
993,[1],0.001,0.001,0.001,0,1,0.0
994,[],0.0,0.0,0.0,0,0,0.0
995,[],0.0,0.0,0.0,0,0,0.0
996,[0],0.674,0.674,0.674,353,321,0.5237388724035609
997,[0],0.833,0.833,0.833,436,397,0.5234093637454982
998,[0],0.968,0.968,0.968,481,487,0.496900826446281
999,[0],0.996,0.996,0.996,497,499,0.49899598393574296
1000,[0],1.0,1.0,1.0,500,500,0.5
1001,[],0.0,0.0,0.0,0,0,0.0
1002,[],0.0,0.0,0.0,0,0,0.0
1003,[1],0.015,0.015,0.015,4,11,0.26666666666666666
1004,[],0.0,0.0,0.0,0,0,0.0
1005,[],0.0,0.0,0.0,0,0,0.0
1006,[0],0.06,0.06,0.06,21,39,0.35
1007,[0],0.064,0.064,0.064,24,40,0.375
1008,[0],0.135,0.135,0.135,58,77,0.42962962962962964
1009,[0],0.37,0.37,0.37,183,187,0.4945945945945946
1010,[0],0.68,0.68,0.68,358,322,0.5264705882352941
1011,[0],1.0,1.0,1.0,500,500,0.5
1012,[0],1.0,1.0,1.0,500,500,0.5
1013,[0],1.0,1.0,1.0,500,500,0.5
1014,[],0.0,0.0,0.0,0,0,0.0
1015,[],0.0,0.0,0.0,0,0,0.0
1016,[1],0.784,0.784,0.784,389,395,0.4961734693877551
1017,[],0.0,0.0,0.0,0,0,0.0
1018,[],0.0,0.0,0.0,0,0,0.0
1019,[],0.0,0.0,0.0,0,0,0.0
1020,[],0.0,0.0,0.0,0,0,0.0
1021,[],0.0,0.0,0.0,0,0,0.0
1022,[0],0.002,0.002,0.002,1,1,0.5
1023,[0],0.01,0.01,0.01,5,5,0.5
1024,[0],0.137,0.137,0.137,65,72,0.4744525547445255
1025,[0],0.614,0.614,0.614,286,328,0.46579804560260585
1026,[0],0.874,0.874,0.874,436,438,0.4988558352402746
1027,[1],0.998,0.998,0.998,499,499,0.5
1028,[1],0.863,0.863,0.863,428,435,0.4959443800695249
1029,[1],0.126,0.126,0.126,62,64,0.4920634920634921
1030,[1],0.004,0.004,0.004,3,1,0.75
1031,[],0.0,0.0,0.0,0,0,0.0
1032,[],0.0,0.0,0.0,0,0,0.0
1033,[],0.0,0.0,0.0,0,0,0.0
1034,[],0.0,0.0,0.0,0,0,0.0
1035,[],0.0,0.0,0.0,0,0,0.0
1036,[0],0.967,0.967,0.967,497,470,0.5139607032057911
1037,[0],0.791,0.791,0.791,412,379,0.5208596713021492
1038,[0],0.322,0.322,0.322,159,163,0.4937888198757764
1039,[0],0.012,0.012,0.012,5,7,0.4166666666666667
1040,[],0.0,0.0,0.0,0,0,0.0
1041,[],0.0,0.0,0.0,0,0,0.0
1042,[],0.0,0.0,0.0,0,0,0.0
1043,[],0.0,0.0,0.0,0,0,0.0
1044,[],0.0,0.0,0.0,0,0,0.0
1045,[],0.0,0.0,0.0,0,0,0.0
1046,[1],0.033,0.033,0.033,30,3,0.9090909090909092
1047,[1],0.209,0.209,0.209,121,88,0.5789473684210527
1048,[1],0.391,0.391,0.391,198,193,0.5063938618925832
1049,[1],0.678,0.678,0.678,337,341,0.4970501474926254
1050,[0],0.169,0.169,0.169,85,84,0.5029585798816568
1051,[0],0.235,0.235,0.235,110,125,0.46808510638297873
1052,[0],0.515,0.515,0.515,244,271,0.47378640776699027
1053,[0],0.747,0.747,0.747,367,380,0.49129852744310576
1054,[0],0.884,0.884,0.884,444,440,0.502262443438914
1055,[0],0.961,0.961,0.961,480,481,0.4994797086368366
1056,[0],0.99,0.99,0.99,497,493,0.502020202020202
1057,[1],0.253,0.253,0.253,120,133,0.4743083003952569
1058,[1],0.039,0.039,0.039,19,20,0.48717948717948717
1059,[1],0.002,0.002,0.002,1,1,0.5
1060,[],0.0,0.0,0.0,0,0,0.0
1061,[],0.0,0.0,0.0,0,0,0.0
1062,[],0.0,0.0,0.0,0,0,0.0
1063,[],0.0,0.0,0.0,0,0,0.0
1064,[],0.0,0.0,0.0,0,0,0.0
1065,[],0.0,0.0,0.0,0,0,0.0
1066,[0],0.767,0.767,0.767,367,400,0.4784876140808344
1067,[0],0.881,0.881,0.881,442,439,0.5017026106696936
1068,[0],0.977,0.977,0.977,491,486,0.5025588536335721
1069,[0],1.0,1.0,1.0,500,500,0.5
1070,[0],1.0,1.0,1.0,500,500,0.5
1071,[0],1.0,1.0,1.0,500,500,0.5
1072,[0],1.0,1.0,1.0,500,500,0.5
1073,[],0.0,0.0,0.0,0,0,0.0
1074,[],0.0,0.0,0.0,0,0,0.0
1075,[],0.0,0.0,0.0,0,0,0.0
1076,[],0.0,0.0,0.0,0,0,0.0
1077,[],0.0,0.0,0.0,0,0,0.0
1078,[],0.0,0.0,0.0,0,0,0.0
1079,[],0.0,0.0,0.0,0,0,0.0
1080,[],0.0,0.0,0.0,0,0,0.0
1081,[],0.0,0.0,0.0,0,0,0.0
1082,[0],0.773,0.773,0.773,371,402,0.4799482535575679
1083,[0],0.883,0.883,0.883,443,440,0.5016987542468856
1084,[0],0.979,0.979,0.979,492,487,0.5025536261491318
1085,[0],1.0,1.0,1.0,500,500,0.5
1086,[0],1.0,1.0,1.0,500,500,0.5
1087,[0],1.0,1.0,1.0,500,500,0.5
1088,[0],1.0,1.0,1.0,500,500,0.5
1089,[],0.0,0.0,0.0,0,0,0.0
1090,[],0.0,0.0,0.0,0,0,0.0
1091,[],0.0,0.0,0.0,0,0,0.0
1092,[],0.0,0.0,0.0,0,0,0.0
1093,[],0.0,0.0,0.0,0,0,0.0
1094,[0],0.703,0.703,0.703,342,361,0.4864864864864865
1095,[0],0.804,0.804,0.804,396,408,0.4925373134328358
1096,[0],0.919,0.919,0.919,456,463,0.4961915125136017
1097,[0],0.989,0.989,0.989,495,494,0.5005055611729019
1098,[0],0.996,0.996,0.996,498,498,0.5
1099,[1],0.011,0.011,0.011,6,5,0.5454545454545454
1100,[],0.0,0.0,0.0,0,0,0.0
1101,[],0.0,0.0,0.0,0,0,0.0
1102,[],0.0,0.0,0.0,0,0,0.0
1103,[],0.0,0.0,0.0,0,0,0.0
1104,[],0.0,0.0,0.0,0,0,0.0
1105,[1],0.045,0.045,0.045,20,25,0.4444444444444444
1106,[],0.0,0.0,0.0,0,0,0.0
1107,[],0.0,0.0,0.0,0,0,0.0
1108,[0],0.917,0.917,0.917,456,461,0.49727371864776443
1109,[0],0.959,0.959,0.959,479,480,0.4994786235662148
1110,[0],0.994,0.994,0.994,495,499,0.49798792756539234
1111,[0],1.0,1.0,1.0,500,500,0.5
1112,[0],1.0,1.0,1.0,500,500,0.5
1113,[0],1.0,1.0,1.0,500,500,0.5
1114,[0],1.0,1.0,1.0,500,500,0.5
1115,[],0.0,0.0,0.0,0,0,0.0
1116,[],0.0,0.0,0.0,0,0,0.0
1117,[],0.0,0.0,0.0,0,0,0.0
1118,[],0.0,0.0,0.0,0,0,0.0
1119,[],0.0,0.0,0.0,0,0,0.0
1120,[],0.0,0.0,0.0,0,0,0.0
1121,[],0.0,0.0,0.0,0,0,0.0
1122,[],0.0,0.0,0.0,0,0,0.0
1123,[],0.0,0.0,0.0,0,0,0.0
1124,[0],0.155,0.155,0.155,71,84,0.45806451612903226
1125,[0],0.41,0.41,0.41,200,210,0.4878048780487805
1126,[0],0.588,0.588,0.588,296,292,0.5034013605442177
1127,[0],0.675,0.675,0.675,337,338,0.49925925925925924
1128,[0],0.729,0.729,0.729,365,364,0.5006858710562414
1129,[1],0.242,0.242,0.242,123,119,0.5082644628099173
1130,[1],0.222,0.222,0.222,113,109,0.509009009009009
1131,[1],0.211,0.211,0.211,105,106,0.4976303317535545
1132,[1],0.204,0.204,0.204,102,102,0.5
1133,[0],0.155,0.155,0.155,71,84,0.45806451612903226
1134,[0],0.201,0.201,0.201,98,103,0.48756218905472637
1135,[0],0.585,0.585,0.585,276,309,0.4717948717948718
1136,[0],0.944,0.944,0.944,467,477,0.4947033898305085
1137,[0],0.99,0.99,0.99,495,495,0.5
1138,[0],1.0,1.0,1.0,500,500,0.5
1139,[0],1.0,1.0,1.0,500,500,0.5
1140,[1],0.056,0.056,0.056,23,33,0.4107142857142857
1141,[],0.0,0.0,0.0,0,0,0.0
1142,[],0.0,0.0,0.0,0,0,0.0
1143,[],0.0,0.0,0.0,0,0,0.0
1144,[],0.0,0.0,0.0,0,0,0.0
1145,[],0.0,0.0,0.0,0,0,0.0
1146,[],0.0,0.0,0.0,0,0,0.0
1147,[],0.0,0.0,0.0,0,0,0.0
1148,[],0.0,0.0,0.0,0,0,0.0
1149,[],0.0,0.0,0.0,0,0,0.0
1150,[],0.0,0.0,0.0,0,0,0.0
1151,[],0.0,0.0,0.0,0,0,0.0
1152,[],0.0,0.0,0.0,0,0,0.0
1153,[],0.0,0.0,0.0,0,0,0.0
1154,[],0.0,0.0,0.0,0,0,0.0
1155,[],0.0,0.0,0.0,0,0,0.0
1156,[],0.0,0.0,0.0,0,0,0.0
1157,[],0.0,0.0,0.0,0,0,0.0
1158,[],0.0,0.0,0.0,0,0,0.0
1159,[],0.0,0.0,0.0,0,0,0.0
1160,[],0.0,0.0,0.0,0,0,0.0
1161,[1],0.171,0.171,0.171,100,71,0.5847953216374269
1162,[1],0.161,0.161,0.161,100,61,0.6211180124223603
1163,[1],0.145,0.145,0.145,99,46,0.6827586206896552
1164,[1],0.138,0.138,0.138,98,40,0.7101449275362319
1165,[1],0.136,0.136,0.136,97,39,0.7132352941176471
1166,[1],0.127,0.127,0.127,97,30,0.7637795275590551
1167,[1],0.119,0.119,0.119,96,23,0.8067226890756303
1168,[1],0.108,0.108,0.108,95,13,0.8796296296296297
1169,[1],0.103,0.103,0.103,94,9,0.912621359223301
1170,[1],0.099,0.099,0.099,92,7,0.9292929292929293
1171,[1],0.171,0.171,0.171,100,71,0.5847953216374269
1172,[1],0.161,0.161,0.161,100,61,0.6211180124223603
1173,[1],0.145,0.145,0.145,99,46,0.6827586206896552
1174,[1],0.138,0.138,0.138,98,40,0.7101449275362319
1175,[1],0.135,0.135,0.135,97,38,0.7185185185185186
1176,[1],0.127,0.127,0.127,97,30,0.7637795275590551
1177,[1],0.118,0.118,0.118,96,22,0.8135593220338984
1178,[1],0.106,0.106,0.106,95,11,0.8962264150943396
1179,[1],0.103,0.103,0.103,94,9,0.912621359223301
1180,[1],0.098,0.098,0.098,92,6,0.9387755102040816
1181,[1],0.03,0.03,0.03,26,4,0.8666666666666667
1182,[1],0.027,0.027,0.027,23,4,0.8518518518518519
1183,[1],0.019,0.019,0.019,17,2,0.8947368421052632
1184,[1],0.009,0.009,0.009,7,2,0.7777777777777778
1185,[1],0.006,0.006,0.006,5,1,0.8333333333333333
1186,[1],0.004,0.004,0.004,4,0,1.0
1187,[1],0.002,0.002,0.002,2,0,1.0
1188,[1],0.002,0.002,0.002,2,0,1.0
1189,[1],0.033,0.033,0.033,2,31,0.06060606060606061
1190,[1],0.028,0.028,0.028,2,26,0.07142857142857145
1191,[1],0.022,0.022,0.022,2,20,0.09090909090909088
1192,[1],0.017,0.017,0.017,2,15,0.11764705882352944
1193,[1],0.014,0.014,0.014,2,12,0.14285714285714285
1194,[1],0.014,0.014,0.014,2,12,0.14285714285714285
1195,[1],0.011,0.011,0.011,2,9,0.18181818181818182
1196,[1],0.009,0.009,0.009,2,7,0.2222222222222222
1197,[1],0.007,0.007,0.007,2,5,0.2857142857142857
1198,[1],0.005,0.005,0.005,1,4,0.2
1199,[1],0.723,0.723,0.723,363,360,0.5020746887966805
1200,[1],0.65,0.65,0.65,327,323,0.5030769230769231
1201,[1],0.587,0.587,0.587,300,287,0.5110732538330494
1202,[1],0.534,0.534,0.534,282,252,0.5280898876404494
1203,[1],0.464,0.464,0.464,248,216,0.5344827586206896
1204,[1],0.411,0.411,0.411,223,188,0.5425790754257908
1205,[1],0.328,0.328,0.328,181,147,0.551829268292683
1206,[1],0.261,0.261,0.261,150,111,0.5747126436781609
1207,[1],0.238,0.238,0.238,138,100,0.5798319327731092
1208,[1],0.211,0.211,0.211,130,81,0.6161137440758294
1209,[1],0.167,0.167,0.167,111,56,0.6646706586826348
1210,[1],0.622,0.622,0.622,328,294,0.5273311897106109
1211,[1],0.5,0.5,0.5,267,233,0.534
1212,[1],0.385,0.385,0.385,212,173,0.5506493506493506
1213,[1],0.302,0.302,0.302,172,130,0.5695364238410596
1214,[1],0.226,0.226,0.226,125,101,0.5530973451327433
1215,[1],0.165,0.165,0.165,97,68,0.5878787878787879
1216,[1],0.091,0.091,0.091,57,34,0.6263736263736264
1217,[1],0.051,0.051,0.051,34,17,0.6666666666666666
1218,[1],0.038,0.038,0.038,24,14,0.631578947368421
1219,[1],0.027,0.027,0.027,18,9,0.6666666666666666
1220,[1],0.007,0.007,0.007,5,2,0.7142857142857143
1221,[1],0.208,0.208,0.208,104,104,0.5
1222,[1],0.207,0.207,0.207,104,103,0.5024154589371981
1223,[1],0.203,0.203,0.203,102,101,0.5024630541871922
1224,[1],0.203,0.203,0.203,102,101,0.5024630541871922
1225,[1],0.203,0.203,0.203,102,101,0.5024630541871922
1226,[1],0.2,0.2,0.2,102,98,0.51
1227,[1],0.199,0.199,0.199,102,97,0.5125628140703518
1228,[1],0.423,0.423,0.423,207,216,0.48936170212765956
1229,[1],0.359,0.359,0.359,177,182,0.49303621169916434
1230,[1],0.322,0.322,0.322,162,160,0.5031055900621118
1231,[1],0.3,0.3,0.3,152,148,0.5066666666666667
1232,[1],0.273,0.273,0.273,138,135,0.5054945054945055
1233,[1],0.258,0.258,0.258,132,126,0.5116279069767442
1234,[1],0.24,0.24,0.24,124,116,0.5166666666666667
1235,[1],0.235,0.235,0.235,121,114,0.5148936170212766
1236,[1],0.229,0.229,0.229,119,110,0.519650655021834
1237,[1],0.471,0.471,0.471,233,238,0.49469214437367304
1238,[1],0.434,0.434,0.434,214,220,0.4930875576036866
1239,[1],0.395,0.395,0.395,195,200,0.4936708860759494
1240,[1],0.372,0.372,0.372,185,187,0.49731182795698925
1241,[1],0.34,0.34,0.34,167,173,0.49117647058823527
1242,[1],0.321,0.321,0.321,162,159,0.5046728971962616
1243,[1],0.302,0.302,0.302,150,152,0.4966887417218543
1244,[1],0.287,0.287,0.287,145,142,0.5052264808362369
1245,[1],0.277,0.277,0.277,138,139,0.4981949458483754
1246,[1],0.262,0.262,0.262,134,128,0.5114503816793893
1247,[1],0.253,0.253,0.253,131,122,0.5177865612648221
1248,[1],0.246,0.246,0.246,126,120,0.5121951219512195
